{"newItems":[],"deletedItems":[],"passedItems":[],"failedItems":["chrome_iphone7_pages_AboutPage_Dark.png","chrome_iphone7_pages_MainPage_Dark.png","chrome_iphone7_pages_MainPage_Normal.png","chrome_iphone7_pages_NotFoundPage_Dark.png","chrome_iphone7_shared_AppLink_Primary_Dark.png","chrome_iphone7_shared_AppLink_Secondaty.png","chrome_iphone7_shared_Button_Clear.png","chrome_iphone7_shared_Button_Outline.png","chrome_iphone7_shared_Button_Outline_Dark.png","chrome_iphone7_shared_Button_Primary.png","chrome_iphone7_widget_Navbar_Dark.png","chrome_iphone7_widget_Navbar_Light.png","chrome_iphone7_widget_PageError_Dark.png","chrome_iphone7_widget_PageError_Light.png","chrome_iphone7_widget_Sidebar_Dark.png","chrome_iphone7_widget_Sidebar_Light.png","chrome_laptop_pages_AboutPage_Dark.png","chrome_laptop_pages_MainPage_Dark.png","chrome_laptop_pages_MainPage_Normal.png","chrome_laptop_pages_NotFoundPage_Dark.png","chrome_laptop_shared_AppLink_Primary_Dark.png","chrome_laptop_shared_AppLink_Secondaty.png","chrome_laptop_shared_Button_Clear.png","chrome_laptop_shared_Button_Outline.png","chrome_laptop_shared_Button_Outline_Dark.png","chrome_laptop_shared_Button_Primary.png","chrome_laptop_widget_Navbar_Dark.png","chrome_laptop_widget_Navbar_Light.png","chrome_laptop_widget_PageError_Dark.png","chrome_laptop_widget_PageError_Light.png","chrome_laptop_widget_Sidebar_Dark.png","chrome_laptop_widget_Sidebar_Light.png"],"expectedItems":["chrome_iphone7_pages_AboutPage_Dark.png","chrome_iphone7_pages_MainPage_Dark.png","chrome_iphone7_pages_MainPage_Normal.png","chrome_iphone7_pages_NotFoundPage_Dark.png","chrome_iphone7_shared_AppLink_Primary_Dark.png","chrome_iphone7_shared_AppLink_Secondaty.png","chrome_iphone7_shared_Button_Clear.png","chrome_iphone7_shared_Button_Outline.png","chrome_iphone7_shared_Button_Outline_Dark.png","chrome_iphone7_shared_Button_Primary.png","chrome_iphone7_widget_Navbar_Dark.png","chrome_iphone7_widget_Navbar_Light.png","chrome_iphone7_widget_PageError_Dark.png","chrome_iphone7_widget_PageError_Light.png","chrome_iphone7_widget_Sidebar_Dark.png","chrome_iphone7_widget_Sidebar_Light.png","chrome_laptop_pages_AboutPage_Dark.png","chrome_laptop_pages_MainPage_Dark.png","chrome_laptop_pages_MainPage_Normal.png","chrome_laptop_pages_NotFoundPage_Dark.png","chrome_laptop_shared_AppLink_Primary_Dark.png","chrome_laptop_shared_AppLink_Secondaty.png","chrome_laptop_shared_Button_Clear.png","chrome_laptop_shared_Button_Outline.png","chrome_laptop_shared_Button_Outline_Dark.png","chrome_laptop_shared_Button_Primary.png","chrome_laptop_widget_Navbar_Dark.png","chrome_laptop_widget_Navbar_Light.png","chrome_laptop_widget_PageError_Dark.png","chrome_laptop_widget_PageError_Light.png","chrome_laptop_widget_Sidebar_Dark.png","chrome_laptop_widget_Sidebar_Light.png"],"actualItems":["chrome_iphone7_pages_AboutPage_Dark.png","chrome_iphone7_pages_MainPage_Dark.png","chrome_iphone7_pages_MainPage_Normal.png","chrome_iphone7_pages_NotFoundPage_Dark.png","chrome_iphone7_shared_AppLink_Primary_Dark.png","chrome_iphone7_shared_AppLink_Secondaty.png","chrome_iphone7_shared_Button_Clear.png","chrome_iphone7_shared_Button_Outline.png","chrome_iphone7_shared_Button_Outline_Dark.png","chrome_iphone7_shared_Button_Primary.png","chrome_iphone7_widget_Navbar_Dark.png","chrome_iphone7_widget_Navbar_Light.png","chrome_iphone7_widget_PageError_Dark.png","chrome_iphone7_widget_PageError_Light.png","chrome_iphone7_widget_Sidebar_Dark.png","chrome_iphone7_widget_Sidebar_Light.png","chrome_laptop_pages_AboutPage_Dark.png","chrome_laptop_pages_MainPage_Dark.png","chrome_laptop_pages_MainPage_Normal.png","chrome_laptop_pages_NotFoundPage_Dark.png","chrome_laptop_shared_AppLink_Primary_Dark.png","chrome_laptop_shared_AppLink_Secondaty.png","chrome_laptop_shared_Button_Clear.png","chrome_laptop_shared_Button_Outline.png","chrome_laptop_shared_Button_Outline_Dark.png","chrome_laptop_shared_Button_Primary.png","chrome_laptop_widget_Navbar_Dark.png","chrome_laptop_widget_Navbar_Light.png","chrome_laptop_widget_PageError_Dark.png","chrome_laptop_widget_PageError_Light.png","chrome_laptop_widget_Sidebar_Dark.png","chrome_laptop_widget_Sidebar_Light.png"],"diffItems":["chrome_iphone7_pages_AboutPage_Dark.png","chrome_iphone7_pages_MainPage_Dark.png","chrome_iphone7_pages_MainPage_Normal.png","chrome_iphone7_pages_NotFoundPage_Dark.png","chrome_iphone7_shared_AppLink_Primary_Dark.png","chrome_iphone7_shared_AppLink_Secondaty.png","chrome_iphone7_shared_Button_Clear.png","chrome_iphone7_shared_Button_Outline.png","chrome_iphone7_shared_Button_Outline_Dark.png","chrome_iphone7_shared_Button_Primary.png","chrome_iphone7_widget_Navbar_Dark.png","chrome_iphone7_widget_Navbar_Light.png","chrome_iphone7_widget_PageError_Dark.png","chrome_iphone7_widget_PageError_Light.png","chrome_iphone7_widget_Sidebar_Dark.png","chrome_iphone7_widget_Sidebar_Light.png","chrome_laptop_pages_AboutPage_Dark.png","chrome_laptop_pages_MainPage_Dark.png","chrome_laptop_pages_MainPage_Normal.png","chrome_laptop_pages_NotFoundPage_Dark.png","chrome_laptop_shared_AppLink_Primary_Dark.png","chrome_laptop_shared_AppLink_Secondaty.png","chrome_laptop_shared_Button_Clear.png","chrome_laptop_shared_Button_Outline.png","chrome_laptop_shared_Button_Outline_Dark.png","chrome_laptop_shared_Button_Primary.png","chrome_laptop_widget_Navbar_Dark.png","chrome_laptop_widget_Navbar_Light.png","chrome_laptop_widget_PageError_Dark.png","chrome_laptop_widget_PageError_Light.png","chrome_laptop_widget_Sidebar_Dark.png","chrome_laptop_widget_Sidebar_Light.png"],"actualDir":"current","expectedDir":"reference","diffDir":"difference"}